locationID,last_pollinator,state,county,population,areasqkm,geometry
1001240,Unknown,Florida,Santa Rosa,151372,3040.06957821,"c(-87.033282, 30.398401)"
1001870,Unknown,Georgia,Jefferson,16930,1371.83094785,"c(-82.453044, 32.877553)"
1002870,Unknown,California,Orange,3010232,2455.30839885,"c(-117.873158, 33.824368)"
1002940,Unknown,Georgia,Gwinnett,805321,1131.20117417,"c(-84.102595, 33.849237)"
1003610,Unknown,California,Los Angeles,9818605,12305.3823177,"c(-118.248943, 34.216778)"
1003980,Unknown,Arizona,Yavapai,211033,21051.3000374,"c(-112.484981, 34.627475)"
1004670,Unknown,Arkansas,Washington,203065,2466.73064763,"c(-94.335274, 35.802671)"
1005540,Unknown,California,Santa Cruz,262382,1572.53796915,"c(-122.036212, 36.961296)"
1005840,Bumblebee,Missouri,Jasper,117404,1660.88766929,"c(-94.298039, 37.159823)"
1007210,Western Honey bee,California,Alameda,1510271,2126.53346001,"c(-121.787684, 37.649666)"
1007550,Bumblebee,California,San Francisco,805235,600.5926258,"c(-122.47644, 37.721097)"
1008180,Unknown,California,Alameda,1510271,2126.53346001,"c(-122.199674, 37.81141)"
1010010,Unknown,Colorado,Pueblo,159063,6210.18465401,"c(-104.663176, 38.263544)"
1010730,Unknown,California,Sacramento,1418788,2575.25763954,"c(-121.507864, 38.553409)"
1010970,Unknown,Utah,Grand,9225,9543.91532371,"c(-109.422969, 38.651319)"
1011990,Unknown,Maryland,Anne Arundel,537656,1522.38675215,"c(-76.64185, 39.192422)"
1012560,Unknown,Colorado,Arapahoe,572003,2086.13414593,"c(-104.756508, 39.623093)"
1012670,Unknown,Colorado,Denver,600158,401.29459436,"c(-104.933883, 39.662953)"
1014940,Unknown,Ohio,Stark,375586,1503.70049849,"c(-81.098688, 40.823306)"
1015430,Unknown,Pennsylvania,Venango,54984,1768.53727041,"c(-79.850817, 41.182118)"
1015790,NA,Ohio,Lorain,301356,2391.71019224,"c(-82.041659, 41.492444)"
1016430,Unknown,Illinois,Cook,5194675,4233.91660234,"c(-87.706678, 41.899203)"
1016750,Unknown,New York,Tioga,51125,1354.2526215,"c(-76.340102, 42.202216)"
1017810,Unknown,New York,Onondaga,467026,2086.54075893,"c(-76.212551, 43.040958)"
1017990,Unknown,Wisconsin,Dane,488073,3205.11634897,"c(-89.181577, 43.190215)"
1018420,Unknown,Oregon,Lane,351715,12236.3510068,"c(-123.109315, 44.048571)"
1020390,Unknown,Washington,King,1931249,5976.2761351,"c(-122.36235, 47.642288)"
1090390,NA,California,Marin,252409,2145.00705216,"c(-122.502404, 37.91219)"
1090480,NA,California,Alameda,1510271,2126.53346001,"c(-122.2710822, 37.7741914)"
1090700,Unknown,North Carolina,Cherokee,27444,1208.65923084,"c(-84.274117, 35.132899)"
1091090,Unknown,Indiana,Franklin,23087,1012.81412278,"c(-85.242005, 39.365965)"
1091220,Unknown,California,San Luis Obispo,269637,9364.13168078,"c(-120.6378193, 35.4573857)"
1092220,Unknown,California,San Luis Obispo,269637,9364.13168078,"c(-120.6378193, 35.4573857)"
1093250,Unknown,California,Alameda,1510271,2126.53346001,"c(-122.219122, 37.840764)"
1093630,Unknown,California,Alameda,1510271,2126.53346001,"c(-122.287653, 37.870655)"
1094090,Unknown,New York,Monroe,744344,3539.73945392,"c(-77.842732, 43.1143793)"
1094150,Unknown,New York,Niagara,216469,2951.72278849,"c(-78.680999, 43.1708209)"
1094730,NA,California,Alameda,1510271,2126.53346001,"c(-122.253344, 37.8418909)"
1094990,Unknown,Missouri,Jackson,674158,1596.31978705,"c(-94.591737, 38.965617)"
1098030,Unknown,California,San Mateo,718451,1919.07106529,"c(-122.298079, 37.51779)"
1098690,Other bee (describe in notes),California,Santa Clara,1781642,3377.48652193,"c(-121.962475, 37.358357)"
1099080,Unknown,California,Alameda,1510271,2126.53346001,"c(-122.186956, 37.789913)"
1100050,Unknown,California,Sonoma,483878,4578.94637683,"c(-122.683052, 38.441835)"
1100590,NA,California,Riverside,2189641,18915.1314678,"c(-117.436941, 33.930655)"
1101440,Unknown,California,Sonoma,483878,4578.94637683,"c(-122.802837, 38.529993)"
1101890,Unknown,California,Alameda,1510271,2126.53346001,"c(-122.186466, 37.79029)"
1102060,Unknown,New York,Madison,73442,1712.76220337,"c(-75.855838, 42.849579)"
1102080,Unknown,New York,Madison,73442,1712.76220337,"c(-75.855838, 42.849579)"
1102170,Unknown,California,Contra Costa,1049025,2082.50437745,"c(-122.0296465, 37.9407193)"
1102730,Unknown,Ohio,Richland,124475,1295.19182959,"c(-82.62374, 40.730472)"
1103440,Unknown,New York,Monroe,744344,3539.73945392,"c(-77.6795562, 42.97563546)"
1103590,Unknown,Oregon,Multnomah,735334,1204.81076098,"c(-122.636711, 45.546284)"
1103640,Unknown,Oregon,Multnomah,735334,1204.81076098,"c(-122.6931698, 45.5908734)"
1103660,Unknown,Oregon,Multnomah,735334,1204.81076098,"c(-122.636711, 45.546284)"
1103700,Unknown,Oregon,Multnomah,735334,1204.81076098,"c(-122.724455, 45.490442)"
1103760,Unknown,New Hampshire,Rockingham,295223,2059.68152233,"c(-71.3013372, 42.8942388)"
1103860,Unknown,New Hampshire,Rockingham,295223,2059.68152233,"c(-71.2778446, 42.9049003)"
1104410,Unknown,California,Santa Clara,1781642,3377.48652193,"c(-122.02112, 37.3291619)"
1105070,Unknown,Texas,Denton,662614,2468.01318253,"c(-96.994174, 33.046233)"
1105200,NA,California,Los Angeles,9818605,12305.3823177,"c(-118.509339, 34.373652)"
1105210,Unknown,California,Santa Barbara,423895,9813.8153107,"c(-119.72921, 34.408914)"
1105330,Unknown,Tennessee,Shelby,927644,2033.20570077,"c(-90.04898, 35.149534)"
1106020,Unknown,Virginia,Rockbridge,22307,1553.87625698,"c(-79.342465, 37.813741)"
1126670,Western Honey bee,California,Shasta,177223,9964.70998728,"c(-122.367317, 40.67983)"
1132870,Unknown,Georgia,Pierce,18758,888.96119799,"c(-82.3516769, 31.3085733)"
1133820,Unknown,California,Mendocino,87841,10044.373809,"c(-123.217835, 39.143101)"
1135160,Unknown,Arizona,Pima,980263,23800.049975,"c(-110.801063, 32.2738889)"
1136680,Unknown,Tennessee,Blount,123010,1467.61467162,"c(-83.801004, 35.846005)"
1136710,Unknown,Virginia,Virginia Beach,437994,1288.51636687,"c(-76.127062, 36.885889)"
1136790,Unknown,Virginia,Virginia Beach,437994,1288.51636687,"c(-76.127062, 36.885889)"
1137480,Unknown,California,Los Angeles,9818605,12305.3823177,"c(-118.450607, 34.003192)"
1138190,NA,Wisconsin,Green Lake,19051,984.51728822,"c(-89.1227132, 43.8400508)"
1138320,NA,Washington,Clark,425363,1697.99324375,"c(-122.575717, 45.631684)"
1140470,Unknown,Illinois,Will,677560,2199.4739212,"c(-88.146725, 41.716643)"
1151510,Unknown bee,California,Fresno,930450,15568.7501231,"c(-119.7360743, 36.8455881)"
1152210,Unknown bee,North Carolina,New Hanover,202667,851.74036853,"c(-77.9006401, 34.0807672)"
1152360,Bumblebee,Tennessee,Cumberland,56053,1773.67370785,"c(-84.888899, 36.024711)"
1153220,NA,California,Alameda,1510271,2126.53346001,"c(-122.233909, 37.729537)"
1153240,NA,California,Los Angeles,9818605,12305.3823177,"c(-118.130844, 33.903249)"
1153420,Western Honey bee,Tennessee,Davidson,626681,1361.60991533,"c(-86.719348, 36.217374)"
1154310,Unknown bee,California,Santa Clara,1781642,3377.48652193,"c(-121.886125, 37.290117)"
1155360,Western Honey bee,California,Sacramento,1418788,2575.25763954,"c(-121.371256, 38.611239)"
1157410,NA,New Jersey,Hudson,634266,161.59951491,"c(-74.029857, 40.760787)"
1157540,Unknown bee,Georgia,DeKalb,691893,702.33661162,"c(-84.260503, 33.830589)"
1158020,Bumblebee,NA,NA,NA,NA,"c(-79.2586481, 42.8860929)"
1158520,Wasp (Hymenoptera),Georgia,Forsyth,175511,640.03840911,"c(-84.169184, 34.0908599)"
1158870,Unknown,Iowa,Polk,430640,1532.06723089,"c(-93.638592, 41.590475)"
1159450,Western Honey bee,Pennsylvania,Montgomery,799874,1261.84105116,"c(-75.2152835, 40.1372416)"
1159580,Western Honey bee,Indiana,Marion,903393,1043.7914673,"c(-86.158068, 39.768403)"
1159670,Western Honey bee,Colorado,Weld,252825,10403.2646987,"c(-104.7894833, 40.4100459)"
1159740,Unknown bee,Michigan,Cheboygan,26152,2293.17106627,"c(-84.693987, 45.486225)"
1160760,Unknown,Maryland,Baltimore,805029,1765.740305,"c(-76.6884841, 39.5497736)"
1160960,Unknown,California,Alameda,1510271,2126.53346001,"c(-122.0255776, 37.6540172)"
1161060,Unknown,Wisconsin,Dane,488073,3205.11634897,"c(-89.181505, 43.190175)"
1161320,Unknown,California,Yolo,200849,2650.94540892,"c(-121.730543, 38.551119)"
1161380,Unknown,Alaska,Anchorage,291826,5035.04065727,"c(-149.908548, 61.207189)"
1162510,Unknown bee,Minnesota,Scott,129928,954.0686067,"c(-93.508304, 44.79164)"
1168000,Bumblebee,Georgia,Clarke,116714,313.47971722,"c(-83.3761009, 33.9541474)"
NA,no_bee_obs,California,Alameda,1510271,2126.53346001,"c(-124.201036, -124.185244, -124.140005, -123.83993, -123.790729, -123.781989, -123.628706, -123.501502, -123.416668, -123.386789, -123.375785, -123.366503, -123.359403, -123.346739, -123.343376, -123.330343, -123.295887, -123.281534, -123.261946, -123.22939, -123.22355, -123.222182, -123.21787, -123.195705, -123.183501, -123.14421, -123.127283, -123.114876, -123.109622, -123.109315, -123.089762, -123.078433, -123.075088, -123.07118, -123.059842, -123.047649, -123.046506, -123.006477, -123.000129, 
-122.992813, -122.982854, -122.964451, -122.9601, -122.958839, -122.934458, -122.931004, -122.927324, -122.920563, -122.891, -122.885985, -122.881309, -122.873164, -122.872862, -122.869081, -122.867056, -122.866998, -122.864606, -122.85771, -122.856926, -122.854288, -122.853897, -122.850541, -122.847598, -122.845979, -122.840472, -122.838166, -122.836488, -122.832875, -122.827747, -122.827584, -122.827303, -122.817289, -122.789691, -122.784397, -122.783816, -122.77165, -122.771607, -122.737238, -122.735082, 
-122.723513, -122.707414, -122.704257, -122.701532, -122.701098, -122.700692, -122.700235, -122.687098, -122.676207, -122.66618, -122.663207, -122.660632, -122.658482, -122.654338, -122.648957, -122.644566, -122.641465, -122.635556, -122.630332, -122.628835, -122.623245, -122.623011, -122.61865, -122.615031, -122.614252, -122.614022, -122.614001, -122.613972, -122.612056, -122.611646, -122.611577, -122.611155, -122.605358, -122.601354, -122.600544, -122.600142, -122.59696, -122.594231, -122.593208, 
-122.59191, -122.590439, -122.588097, -122.587414, -122.582517, -122.580109, -122.579401, -122.578254, -122.570063, -122.569703, -122.565415, -122.565198, -122.564055, -122.561788, -122.561739, -122.561377, -122.55551, -122.551148, -122.551046, -122.550361, -122.545398, -122.544976, -122.542998, -122.542827, -122.542624, -122.5321, -122.529394, -122.528667, -122.526623, -122.524391, -122.524149, -122.523879, -122.52371, -122.522133, -122.516213, -122.513021, -122.50905, -122.508478, -122.507728, 
-122.50676, -122.50488, -122.501177, -122.498256, -122.498005, -122.497403, -122.495576, -122.493877, -122.488132, -122.487597, -122.48722, -122.487181, -122.487062, -122.48584, -122.485785, -122.485234, -122.480897, -122.479385, -122.478542, -122.47644, -122.475073, -122.474913, -122.474444, -122.472604, -122.471657, -122.471418, -122.468299, -122.4647, -122.463849, -122.461301, -122.460801, -122.457635, -122.455425, -122.455303, -122.455185, -122.453943, -122.450724, -122.45029, -122.44618, -122.445212, 
-122.440116, -122.437296, -122.43709, -122.434415, -122.432916, -122.432825, -122.4324, -122.43131, -122.430937, -122.430685, -122.430478, -122.428061, -122.427081, -122.425196, -122.423245, -122.423087, -122.422935, -122.419639, -122.419416, -122.413163, -122.407643, -122.407532, -122.407503, -122.406341, -122.404834, -122.40138, -122.392513, -122.390678, -122.387308, -122.385748, -122.384718, -122.384381, -122.381752, -122.378657, -122.375048, -122.366643, -122.366257, -122.36235, -122.362327, 
-122.362082, -122.360189, -122.359704, -122.357886, -122.357784, -122.356944, -122.354331, -122.354157, -122.353407, -122.351394, -122.350194, -122.348908, -122.344947, -122.341985, -122.340934, -122.340326, -122.339003, -122.338719, -122.336998, -122.335514, -122.333439, -122.332286, -122.332071, -122.327938, -122.327777, -122.322814, -122.320422, -122.319568, -122.317836, -122.317654, -122.316866, -122.316762, -122.316239, -122.315798, -122.310049, -122.309317, -122.308087, -122.306471, -122.30365, 
-122.302949, -122.302355, -122.30163, -122.301373, -122.29891, -122.298, -122.297748, -122.297457, -122.29495, -122.294842, -122.294778, -122.293611, -122.29307, -122.292457, -122.292203, -122.291227, -122.289556, -122.289458, -122.289354, -122.288986, -122.28876, -122.288464, -122.287831, -122.286704, -122.285924, -122.285876, -122.28541, -122.284469, -122.284342, -122.283553, -122.281977, -122.281218, -122.2801, -122.280003, -122.279607, -122.276138, -122.275646, -122.275558, -122.275057, -122.274302, 
-122.273751, -122.273697, -122.273325, -122.272747, -122.271895, -122.269619, -122.268762, -122.268703, -122.268472, -122.267806, -122.26764, -122.266961, -122.266584, -122.266, -122.265755, -122.265623, -122.26549, -122.265248, -122.265012, -122.263754, -122.263475, -122.263234, -122.260591, -122.260307, -122.260235, -122.25891, -122.258727, -122.257056, -122.254856, -122.254792, -122.254202, -122.253994, -122.252368, -122.25213, -122.251406, -122.25129, -122.250236, -122.249302, -122.2447, -122.244493, 
-122.241767, -122.240329, -122.240313, -122.23789, -122.237009, -122.23686, -122.236613, -122.236576, -122.235923, -122.226644, -122.220677, -122.217611, -122.216731, -122.211259, -122.209135, -122.20872, -122.208603, -122.207085, -122.204502, -122.203062, -122.200763, -122.200679, -122.200599, -122.2003, -122.199674, -122.198973, -122.197059, -122.196024, -122.195906, -122.193904, -122.191362, -122.18979, -122.186179, -122.183612, -122.179284, -122.168061, -122.167309, -122.164191, -122.162653, 
-122.16253, -122.15645, -122.153972, -122.15391, -122.151665, -122.145959, -122.143825, -122.143788, -122.143184, -122.141929, -122.141571, -122.137085, -122.137078, -122.135585, -122.132489, -122.13227, -122.13176, -122.131458, -122.13121, -122.127629, -122.127581, -122.126158, -122.122518, -122.117855, -122.116959, -122.114949, -122.111369, -122.110793, -122.109473, -122.108872, -122.103157, -122.102987, -122.097573, -122.094576, -122.093681, -122.091827, -122.091331, -122.090458, -122.090341, 
-122.086528, -122.078122, -122.076705, -122.07667, -122.076637, -122.07573, -122.075632, -122.074883, -122.073615, -122.072738, -122.072002, -122.07051, -122.069227, -122.067583, -122.066323, -122.065167, -122.060502, -122.060353, -122.058526, -122.057383, -122.054061, -122.053611, -122.049312, -122.046334, -122.045706, -122.043866, -122.043361, -122.043081, -122.040172, -122.038863, -122.036212, -122.035968, -122.033873, -122.033355, -122.032619, -122.032602, -122.031794, -122.03145, -122.029814, 
-122.029206, -122.028257, -122.027629, -122.027537, -122.022858, -122.021234, -122.017834, -122.013037, -122.011729, -122.011454, -122.011122, -122.003411, -122.002433, -121.999381, -121.997798, -121.997102, -121.993268, -121.992828, -121.990663, -121.98872, -121.987886, -121.987574, -121.98684, -121.980291, -121.978619, -121.978183, -121.978011, -121.97219, -121.972168, -121.964973, -121.96221, -121.959333, -121.957687, -121.956312, -121.954452, -121.949315, -121.948665, -121.942116, -121.941192, 
-121.93919, -121.937561, -121.937423, -121.933336, -121.931593, -121.930342, -121.928145, -121.927902, -121.920198, -121.913721, -121.910593, -121.90867, -121.907186, -121.90664, -121.902355, -121.901485, -121.899052, -121.894956, -121.873138, -121.851975, -121.838465, -121.83736, -121.835446, -121.835027, -121.832252, -121.831533, -121.831324, -121.823601, -121.814053, -121.809601, -121.803146, -121.793321, -121.787707, -121.787684, -121.783891, -121.779251, -121.774809, -121.774558, -121.772951, 
-121.761399, -121.712475, -121.711402, -121.685132, -121.669696, -121.659088, -121.643574, -121.636547, -121.614392, -121.609203, -121.602239, -121.58797, -121.586927, -121.571204, -121.570113, -121.521866, -121.507864, -121.507673, -121.507653, -121.504344, -121.503723, -121.495984, -121.491793, -121.490558, -121.476638, -121.454724, -121.444697, -121.435942, -121.427932, -121.409557, -121.36622, -121.363875, -121.352025, -121.346029, -121.335993, -121.333632, -121.325806, -121.299894, -121.28662, 
-121.28347, -121.281253, -121.276935, -121.265444, -121.24051, -121.233535, -121.227863, -121.22018, -121.21923, -121.192338, -121.182857, -120.967114, -120.952646, -120.950888, -120.910608, -120.908804, -120.86123, -120.84219, -120.799065, -120.707523, -120.638907, -120.6206, -120.59173, -120.576017, -120.550362, -120.530728, -120.470434, -120.463938, -120.445313, -120.444732, -120.335764, -120.16064, -119.875802, -119.85342, -119.848571, -119.828582, -119.824246, -119.81129, -119.803665, -119.803589, 
-119.775618, -119.755429, -119.724304, -119.72255, -119.712764, -119.712175, -119.702253, -119.663012, -119.342829, -119.322638, -119.261779, -119.242008, -119.22573, -119.224451, -119.221464, -119.152517, -119.066947, -119.03039, -119.030208, -119.021659, -118.914778, -118.885229, -118.753192, -118.719593, -118.618386, -118.564748, -118.564625, -118.511095, -118.491341, -118.474298, -118.461398, -118.44877, -118.432705, -118.428728, -118.428554, -118.425024, -118.422122, -118.412178, -118.402447, 
-118.3729, -118.369885, -118.369869, -118.369196, -118.353869, -118.30953, -118.308036, -118.302375, -118.302361, -118.300776, -118.268605, -118.208685, -118.186102, -118.178528, -118.149768, -118.133965, -118.120737, -118.095385, -118.041659, -118.037564, -118.033692, -118.018258, -118.014283, -118.010321, -118.009528, -118.007349, -118.006243, -118.005342, -117.982564, -117.974648, -117.955592, -117.926841, -117.901042, -117.893961, -117.889914, -117.873158, -117.872879, -117.819049, -117.805592, 
-117.647451, -117.636765, -117.619843, -117.591568, -117.460073, -117.443892, -117.43812, -117.404483, -117.332145, -117.321197, -117.298442, -117.28606, -117.27932, -117.2725, -117.264758, -117.260175, -117.247659, -117.244305, -117.220054, -117.219224, -117.207235, -117.2046, -117.188943, -117.182994, -117.176615, -117.176536, -117.176415, -117.169908, -117.131728, -117.117596, -117.105534, -117.104807, -117.08592, -117.08161, -117.054045, -117.048981, -117.048828, -117.030094, -117.029877, -117.016195, 
-116.979696, -116.975431, -116.957736, -116.951092, -116.832491, -116.826681, -116.808121, -116.751364, -116.735304, -116.692256, -116.643441, -116.60701, -116.573923, -116.463021, -116.447256, -116.329176, -116.316865, -116.254437, -116.176952, -115.983915, -115.230637, -115.128164, -114.466406, -114.344808, -114.15192, -114.097423, -114.091234, -112.623847, -112.580122, -112.484981, -112.430748, -112.2049, -112.188166, -112.140456, -112.134298, -112.129302, -112.066331, -112.066319, -112.049435, 
-111.991748, -111.926227, -111.847529, -111.844767, -111.835617, -111.82973, -111.818486, -111.80173, -111.705656, -111.537853, -109.929044, -109.422969, -109.42294, -108.716246, -108.664469, -108.637146, -108.606155, -108.599751, -108.425222, -108.054872, -107.374309, -106.899743, -106.783268, -106.777287, -106.669678, -106.550382, -106.537076, -106.52816, -106.360125, -106.100439, -106.100431, -105.99522, -105.992158, -105.266412, -105.140874, -105.134693, -105.122496, -105.084227, -105.06667, 
-105.045212, -105.040659, -105.037705, -105.034517, -105.014957, -105.012719, -105.009172, -104.969362, -104.933883, -104.921196, -104.904156, -104.902622, -104.897861, -104.879088, -104.874236, -104.854611, -104.835228, -104.814629, -104.806257, -104.756508, -104.663176, -104.517437, -103.227589, -102.404385, -101.923091, -101.827413, -100.802027, -100.792834, -98.739862, -98.497173, -98.087269, -97.990763, -97.732571, -97.631916, -97.549927, -97.508441, -97.443004, -97.344214, -97.229093, -97.130731, 
-97.075318, -97.050529, -97.043267, -97.043018, -97.035917, -97.029988, -96.983768, -96.918714, -96.905243, -96.833955, -96.802266, -96.775742, -96.751571, -96.740831, -96.718825, -96.695903, -96.695437, -96.665142, -96.658537, -96.65566, -96.570568, -96.546316, -96.521428, -96.507139, -96.500363, -96.435937, -96.38196, -96.376979, -96.206588, -96.132582, -96.091076, -96.000228, -95.964871, -95.94356, -95.932969, -95.914917, -95.888832, -95.673804, -95.664375, -95.533603, -95.426611, -95.328286, 
-95.304015, -95.150214, -95.035633, -94.993471, -94.991405, -94.858935, -94.834352, -94.671231, -94.611687, -94.547069, -94.446801, -94.380272, -94.37225, -94.335307, -94.335274, -94.298039, -94.159347, -94.152609, -94.02672, -93.968359, -93.798789, -93.790009, -93.781206, -93.718732, -93.707886, -93.683832, -93.646357, -93.617011, -93.606435, -93.552065, -93.551676, -93.469533, -93.458255, -93.453018, -93.432845, -93.39337, -93.325548, -93.293445, -93.26667, -93.262505, -93.239468, -93.173412, -93.160565, 
-93.154216, -93.063169, -92.913398, -92.897652, -92.844047, -92.799436, -92.732228, -92.630313, -92.539214, -92.497822, -92.401572, -92.327115, -92.310304, -92.309738, -92.184901, -92.136094, -92.077724, -92.075274, -91.951051, -91.938286, -91.930235, -91.644471, -91.61005, -91.570857, -91.526565, -91.48094, -91.431445, -91.162032, -91.060623, -91.060229, -91.032518, -91.01993, -90.946561, -90.928596, -90.905142, -90.887924, -90.81292, -90.706874, -90.706838, -90.689121, -90.654315, -90.628172, -90.620147, 
-90.601013, -90.572872, -90.569423, -90.566404, -90.547046, -90.53228, -90.50029, -90.408768, -90.408461, -90.356789, -90.341333, -90.307218, -90.249295, -90.241561, -90.16554, -90.165452, -90.130385, -90.107394, -90.074582, -90.046821, -90.028134, -90.0275, -89.955393, -89.920232, -89.898074, -89.830855, -89.799856, -89.798426, -89.721158, -89.516203, -89.497108, -89.399405, -89.384081, -89.284946, -89.181577, -89.181549, -89.154335, -89.081165, -89.057477, -89.032519, -89.020363, -88.947343, -88.878275, 
-88.80554, -88.77321, -88.768092, -88.755576, -88.720403, -88.713298, -88.688671, -88.627322, -88.538772, -88.536457, -88.507151, -88.388525, -88.383428, -88.370758, -88.322787, -88.292688, -88.28738, -88.243201, -88.233523, -88.194303, -88.106557, -88.083197, -88.082808, -88.038875, -88.016147, -87.960603, -87.907637, -87.866112, -87.840877, -87.724373, -87.710903, -87.706678, -87.689953, -87.670624, -87.66321, -87.662829, -87.657372, -87.65421, -87.640319, -87.619397, -87.617005, -87.616873, -87.603027, 
-87.553816, -87.528422, -87.488737, -87.440627, -87.401034, -87.361318, -87.350789, -87.275047, -87.118018, -87.117384, -87.107996, -87.048559, -87.033282, -87.016443, -87.005558, -86.990113, -86.972442, -86.900607, -86.844059, -86.841045, -86.836598, -86.818132, -86.794974, -86.765272, -86.762372, -86.761894, -86.748479, -86.735018, -86.713296, -86.701303, -86.683637, -86.623491, -86.431723, -86.416301, -86.330604, -86.308987, -86.297272, -86.279014, -86.255035, -86.232918, -86.187357, -86.180186, 
-86.175188, -86.157607, -86.122431, -86.117283, -86.078362, -86.053394, -86.030217, -85.961676, -85.932614, -85.915977, -85.906022, -85.866408, -85.86291, -85.855042, -85.854369, -85.822461, -85.725527, -85.716622, -85.682783, -85.642841, -85.59524, -85.587606, -85.586796, -85.505871, -85.411689, -85.399089, -85.393935, -85.295985, -85.294381, -85.255849, -85.203948, -85.138948, -85.126284, -85.043112, -84.992121, -84.98505, -84.909818, -84.89274, -84.76354, -84.752908, -84.708026, -84.638395, -84.621463, 
-84.588455, -84.56752, -84.543757, -84.527074, -84.517496, -84.514369, -84.514251, -84.512905, -84.508177, -84.492696, -84.480665, -84.456107, -84.456022, -84.434546, -84.430983, -84.429249, -84.394934, -84.380229, -84.379828, -84.376923, -84.359758, -84.313039, -84.289193, -84.237128, -84.224291, -84.200974, -84.174695, -84.156913, -84.11455, -84.102655, -84.102595, -84.080089, -84.049359, -84.044037, -84.038329, -84.037981, -84.030558, -84.029915, -84.024257, -84.013008, -84.001816, -83.958128, 
-83.900993, -83.896736, -83.895305, -83.88809, -83.880511, -83.874518, -83.867245, -83.867168, -83.866846, -83.852373, -83.768243, -83.70674, -83.689556, -83.607237, -83.605354, -83.488969, -83.483714, -83.450003, -83.417416, -83.405242, -83.324825, -83.316385, -83.306745, -83.273246, -83.259206, -83.243859, -83.212096, -83.178639, -83.166771, -83.160399, -83.160039, -83.159935, -83.158168, -83.108846, -83.101637, -83.088721, -83.066342, -83.04539, -83.041508, -83.027538, -83.027534, -83.018724, 
-83.01221, -82.995827, -82.942174, -82.92517, -82.908118, -82.907814, -82.902961, -82.899037, -82.897716, -82.853868, -82.745681, -82.722607, -82.693089, -82.682761, -82.647755, -82.633369, -82.622811, -82.548959, -82.5478, -82.547692, -82.538753, -82.515566, -82.511756, -82.508307, -82.502554, -82.493548, -82.479163, -82.473804, -82.45581, -82.453044, -82.43177, -82.415903, -82.392394, -82.389538, -82.28029, -82.258801, -82.241964, -82.161105, -82.105442, -82.093234, -82.069879, -82.05575, -82.041659, 
-82.041486, -82.02858, -82.02484, -82.024532, -82.016261, -82.002208, -81.996682, -81.933959, -81.930538, -81.885208, -81.885183, -81.884393, -81.838724, -81.799922, -81.799916, -81.781028, -81.780695, -81.755572, -81.739294, -81.718531, -81.709441, -81.709158, -81.690236, -81.666775, -81.650395, -81.552976, -81.548268, -81.540247, -81.531551, -81.507461, -81.502328, -81.462928, -81.455914, -81.45403, -81.446793, -81.445356, -81.392627, -81.386143, -81.369905, -81.369693, -81.346399, -81.301756, 
-81.278105, -81.274875, -81.238506, -81.198648, -81.198644, -81.188749, -81.099343, -81.098688, -81.098684, -81.090625, -80.891144, -80.865202, -80.864769, -80.800802, -80.793246, -80.775009, -80.764458, -80.744467, -80.680101, -80.64769, -80.646492, -80.636433, -80.634875, -80.605156, -80.574249, -80.488111, -80.462416, -80.432177, -80.405854, -80.370577, -80.33658, -80.329821, -80.323017, -80.308459, -80.288535, -80.277907, -80.267422, -80.266272, -80.246759, -80.23423, -80.215333, -80.215268, 
-80.203181, -80.19547, -80.179301, -80.150502, -80.140105, -80.120295, -80.108064, -80.082455, -80.071416, -80.071141, -80.052136, -80.037906, -80.029771, -80.024626, -79.964562, -79.953057, -79.950444, -79.890434, -79.889678, -79.883859, -79.851162, -79.850817, -79.828029, -79.823363, -79.793824, -79.652449, -79.64827, -79.646518, -79.535255, -79.432895, -79.41726, -79.373535, -79.3052, -79.302859, -79.206378, -79.12036, -79.07767, -79.042365, -78.960639, -78.938978, -78.905822, -78.899754, -78.643614, 
-78.592264, -78.510363, -78.44135, -78.39303, -78.38017, -78.346095, -78.298877, -78.185607, -77.884454, -77.878767, -77.867029, -77.78767, -77.781192, -77.778357, -77.763995, -77.735038, -77.727629, -77.726374, -77.700351, -77.667912, -77.661887, -77.659564, -77.65168, -77.644072, -77.615142, -77.613899, -77.607648, -77.595678, -77.592294, -77.565073, -77.55755, -77.539681, -77.495703, -77.483855, -77.474449, -77.431302, -77.429967, -77.427699, -77.412777, -77.376021, -77.347125, -77.322696, -77.305243, 
-77.303636, -77.285681, -77.285403, -77.272831, -77.258914, -77.242143, -77.241481, -77.210574, -77.208268, -77.195504, -77.174514, -77.144531, -77.123195, -77.122863, -77.117144, -77.103802, -77.101985, -77.101892, -77.074283, -77.067319, -77.066131, -77.061196, -77.035907, -77.029073, -76.98305, -76.97386, -76.968061, -76.952094, -76.928564, -76.914875, -76.839772, -76.826499, -76.785297, -76.739052, -76.734343, -76.732494, -76.652097, -76.64185, -76.640889, -76.637692, -76.607555, -76.606601, 
-76.592399, -76.592284, -76.59214, -76.573471, -76.551827, -76.543546, -76.471045, -76.463528, -76.422067, -76.404876, -76.383585, -76.374392, -76.369933, -76.368487, -76.357285, -76.351174, -76.340102, -76.339972, -76.307161, -76.281907, -76.215366, -76.212551, -76.208462, -76.202331, -76.135209, -76.089833, -76.067991, -76.031297, -76.019586, -75.989477, -75.917995, -75.905515, -75.862988, -75.844278, -75.722141, -75.660327, -75.653291, -75.637482, -75.605775, -75.587129, -75.56531, -75.542488, 
-75.540356, -75.5337, -75.525716, -75.525664, -75.520176, -75.503285, -75.502863, -75.473611, -75.468984, -75.413788, -75.370398, -75.343174, -75.330713, -75.329557, -75.328388, -75.32682, -75.316289, -75.300301, -75.299631, -75.275801, -75.214056, -75.18938, -75.185172, -75.140265, -75.124936, -75.115066, -75.095245, -75.075389, -75.074734, -75.047966, -75.042938, -75.035674, -75.009509, -74.988512, -74.974301, -74.970453, -74.952129, -74.935731, -74.868224, -74.830755, -74.819311, -74.799948, -74.764431, 
-74.763806, -74.642421, -74.626827, -74.615015, -74.522651, -74.453472, -74.42007, -74.379432, -74.33108, -74.200696, -74.137244, -74.121233, -74.098013, -74.09689, -74.096334, -74.069642, -74.069432, -74.065153, -74.016162, -74.011605, -73.982395, -73.964385, -73.915424, -73.914159, -73.896328, -73.818628, -73.807396, -73.77851, -73.720671, -73.696768, -73.652436, -73.577228, -73.412891, -73.387594, -73.263074, -73.213383, -73.133617, -73.133167, -73.122687, -73.040319, -73.038854, -72.972566, -72.846699, 
-72.844669, -72.806784, -72.675741, -72.662467, -72.598461, -72.596907, -72.545907, -72.466988, -72.411841, -72.395307, -72.331244, -72.234645, -72.210879, -72.035191, -72.022163, -71.869979, -71.805539, -71.788796, -71.769153, -71.680167, -71.678523, -71.673809, -71.592007, -71.552285, -71.538425, -71.494886, -71.444536, -71.429858, -71.418714, -71.388375, -71.375866, -71.345781, -71.342259, -71.30134, -71.287033, -71.286419, -71.25282, -71.230834, -71.199446, -71.15997, -71.138176, -71.117484, 
-71.112965, -71.085433, -71.076287, -71.048971, -71.006446, -71.000864, -70.636672, -70.635382, -70.628217, -70.409085, -70.409064, -70.293137, -69.888994, -69.708771, -69.42171, -69.212162, -69.20023, -69.079767, -68.800075, -68.575474, -68.433713, -68.309286, 41.75363, 40.757849, 40.793687, 46.186724, 39.450515, 39.445789, 40.971327, 42.270569, 43.122821, 42.452402, 46.19657, 44.063276, 44.563103, 42.415879, 43.22971, 39.391108, 42.360145, 44.62834, 39.192957, 48.110616, 38.991894, 39.157122, 45.224594, 
45.294592, 45.145402, 42.542325, 44.655856, 44.015199, 48.055513, 44.048571, 44.080185, 45.161313, 44.943801, 44.029271, 45.524395, 44.887885, 44.057622, 44.965294, 47.029294, 38.501308, 44.917076, 38.384701, 46.158628, 42.320557, 45.521779, 43.965821, 44.946633, 42.263586, 45.464027, 38.406923, 45.477099, 38.632075, 44.461314, 38.366168, 38.497508, 38.497474, 38.609821, 38.097051, 38.610652, 45.483626, 38.610996, 38.610831, 45.475088, 38.539588, 38.387755, 38.955067, 44.066898, 38.374991, 38.552495, 
38.402799, 38.402762, 45.490647, 45.486015, 45.305707, 45.306004, 42.232673, 42.232571, 45.46188, 38.444166, 45.475408, 38.023583, 38.369348, 38.450459, 38.339637, 38.470073, 38.416535, 45.561426, 45.523452, 38.314253, 38.22848, 38.472384, 38.233264, 45.548913, 45.551952, 45.469162, 38.011224, 38.2325, 38.325553, 45.487761, 48.379513, 45.492091, 45.487146, 48.491327, 45.466563, 38.367119, 38.246098, 45.52409, 38.110786, 38.24874, 38.248785, 38.108903, 38.120942, 37.999224, 45.549929, 48.483756, 45.547088, 
45.393221, 45.49072, 38.435932, 37.978555, 37.979936, 38.036415, 38.424673, 45.520178, 37.988688, 38.576375, 38.098336, 38.10742, 37.9767, 37.976792, 37.997726, 38.016022, 37.968446, 47.666868, 45.729757, 38.011132, 47.732912, 38.019877, 37.908657, 37.906037, 37.907089, 38.038663, 45.525273, 37.901084, 38.362191, 37.90041, 37.876407, 37.996358, 38.36408, 37.907662, 37.939002, 37.922911, 45.437456, 37.955112, 37.954814, 48.572715, 38.320182, 45.692379, 48.179441, 37.773895, 37.585934, 47.268952, 37.961236, 
45.502613, 37.700191, 37.77726, 37.754112, 38.303036, 38.323553, 37.62043, 37.860104, 37.860101, 47.269366, 38.32314, 37.995376, 37.688567, 37.721097, 38.299737, 37.888427, 37.760611, 37.735105, 37.74196, 48.243563, 37.502699, 37.786674, 48.246081, 37.99062, 37.646479, 37.766047, 37.492981, 47.125272, 38.321778, 37.893128, 37.775014, 37.774098, 37.703593, 37.703014, 37.462383, 37.785318, 37.755732, 37.722063, 37.736134, 37.736081, 48.757028, 37.734563, 37.770169, 38.294239, 37.736715, 37.76572, 37.631131, 
37.730401, 37.728496, 37.769563, 37.762231, 37.777122, 37.77493, 37.799325, 37.720243, 37.744153, 37.743844, 37.745909, 37.684372, 47.64066, 47.509526, 37.759048, 47.584827, 47.676571, 47.678903, 47.313636, 47.784259, 47.510972, 37.577618, 47.504358, 47.802988, 47.642288, 47.642016, 47.810644, 47.757591, 47.757308, 47.70661, 37.576425, 41.586667, 47.532675, 45.486933, 47.675072, 47.671487, 47.108246, 47.516341, 47.631161, 37.950322, 47.835007, 47.282094, 47.742664, 37.911228, 37.583695, 46.963631, 
37.578406, 47.666026, 47.60621, 47.640589, 37.570091, 37.588076, 37.989475, 37.533033, 37.92758, 37.571179, 37.93709, 37.936682, 37.554673, 37.536413, 38.291727, 47.687953, 47.919617, 37.570248, 47.553297, 37.911814, 47.688286, 45.419915, 37.876664, 37.560427, 37.5177, 37.88687, 37.531039, 37.901894, 37.888932, 37.881892, 38.284603, 47.671294, 37.91619, 37.882245, 37.523263, 38.292277, 37.896082, 37.895481, 38.376277, 37.89094, 38.37641, 47.625191, 48.255487, 37.883809, 37.894967, 37.8725, 47.606227, 
37.432252, 38.291303, 47.540913, 47.672577, 37.904097, 38.333917, 37.543411, 37.906872, 37.852168, 37.880993, 37.875175, 37.86335, 47.134565, 38.27862, 47.135337, 37.871593, 37.852636, 37.539064, 37.499562, 37.845141, 37.90255, 38.178354, 37.42314, 37.86036, 37.469831, 38.009519, 37.860803, 37.853465, 37.883407, 37.860823, 37.841705, 37.830148, 37.877702, 37.829973, 37.852161, 37.437694, 37.559361, 38.006782, 37.551848, 37.886554, 37.559234, 37.865128, 37.476658, 37.814089, 37.963174, 37.493747, 
45.505369, 37.853446, 37.457786, 37.830391, 37.735678, 37.461311, 37.842205, 37.812978, 37.758489, 38.098462, 37.845815, 37.812539, 37.819235, 37.861256, 38.159081, 48.239082, 37.470114, 39.958298, 39.958847, 47.823158, 38.068254, 47.264175, 47.625953, 37.813246, 47.622369, 37.785709, 37.812717, 47.610377, 37.796281, 37.797369, 37.81141, 37.802292, 45.359808, 37.794775, 37.905925, 37.460396, 37.791277, 37.789537, 37.795264, 47.376969, 37.449145, 38.076716, 38.086268, 37.458207, 37.456131, 47.67472, 
47.17313, 37.738207, 37.73818, 37.459468, 37.68883, 37.700381, 37.682071, 37.842325, 47.769133, 37.186007, 37.71422, 37.714105, 37.900009, 37.42467, 37.424488, 37.093843, 37.142401, 37.68223, 37.409437, 37.138671, 37.438095, 37.383146, 37.389353, 37.983797, 37.392201, 47.562617, 47.606363, 37.414231, 47.388505, 37.894539, 37.894471, 37.703017, 37.936702, 37.900606, 37.352695, 37.379258, 37.361158, 37.893338, 37.38454, 37.347752, 48.050567, 37.588792, 37.37466, 47.966282, 37.953045, 37.047226, 37.949953, 
37.950213, 37.936882, 37.924198, 37.719602, 37.956816, 38.267035, 37.296634, 37.662822, 37.347121, 37.716904, 37.336326, 37.553065, 37.561792, 37.344559, 47.755038, 37.969246, 36.970056, 37.689843, 36.954871, 37.364539, 36.959154, 36.961296, 36.961686, 37.042148, 37.927509, 47.530101, 37.34921, 37.552141, 37.379925, 37.940698, 36.967509, 37.986607, 37.979983, 37.980638, 37.833234, 37.371859, 37.559223, 36.99417, 37.963174, 37.938717, 47.567929, 37.36077, 37.818301, 37.947925, 37.274999, 38.265601, 
37.334621, 37.582053, 37.953221, 37.56332, 36.96348, 36.963367, 36.984011, 47.743372, 37.361432, 37.573882, 47.734027, 37.267947, 37.26796, 37.358314, 37.796429, 37.939645, 36.995546, 37.938722, 36.984452, 37.249601, 37.247781, 37.54185, 37.800014, 37.10246, 37.305486, 37.738076, 37.729622, 37.337296, 37.52879, 42.581012, 37.240773, 37.537327, 37.230609, 37.24603, 38.427366, 37.102416, 37.294602, 37.314662, 37.341926, 37.258279, 37.339386, 37.339409, 38.561275, 39.733671, 37.207895, 36.598036, 39.730634, 
36.608347, 37.227429, 37.993103, 37.377131, 37.378962, 39.645484, 37.680283, 37.662169, 37.649635, 37.649666, 37.22089, 37.669765, 37.976671, 37.659412, 38.688062, 37.651524, 37.969491, 36.590972, 38.550212, 37.375735, 36.909628, 37.130182, 36.593574, 37.137283, 37.086909, 37.135173, 38.16443, 38.163051, 38.538704, 37.088457, 39.708002, 38.553409, 38.553376, 38.509031, 38.619621, 38.534826, 38.545982, 38.533148, 38.549654, 38.550256, 37.747169, 38.539439, 37.697631, 38.556995, 39.574387, 38.050484, 
38.592658, 38.569082, 38.543346, 38.771441, 38.110329, 44.082203, 38.250884, 38.130899, 38.696844, 38.99441, 38.734435, 38.141413, 37.830047, 38.827732, 38.790929, 38.721925, 38.653032, 38.752579, 44.300618, 37.641368, 37.605252, 39.118564, 37.64306, 39.935166, 38.813783, 35.309194, 38.730489, 35.451285, 35.456748, 35.555095, 35.534089, 35.138077, 46.999492, 46.994017, 34.657928, 37.992108, 35.13704, 35.137108, 37.974681, 41.87332, 39.488404, 39.542559, 39.528202, 39.544319, 36.829996, 39.538474, 
36.770106, 36.820027, 39.544695, 39.184397, 34.41596, 37.355945, 34.437119, 39.042565, 34.431431, 36.306384, 36.324301, 36.34863, 34.277431, 34.447998, 39.611062, 47.013842, 34.288101, 34.282573, 34.226264, 34.245155, 36.078857, 35.367644, 36.462853, 34.267459, 34.252289, 34.290963, 35.081379, 34.147489, 34.22934, 35.139321, 35.66842, 35.44042, 34.022334, 34.304015, 34.055527, 34.17434, 35.624032, 34.184583, 33.994321, 33.9709, 37.361992, 33.903521, 33.840864, 33.853056, 33.840917, 34.166737, 33.812989, 
33.741259, 33.88747, 33.887254, 34.257653, 34.082178, 34.099284, 33.837967, 34.135269, 33.862517, 33.957882, 34.194966, 33.836852, 34.009923, 33.768287, 33.819489, 33.726944, 33.720669, 33.734309, 33.704806, 34.154981, 34.149362, 33.725404, 33.717043, 33.701016, 33.655649, 34.569187, 33.91242, 33.835113, 33.932611, 33.824368, 33.82433, 33.755979, 33.931734, 47.857959, 33.605658, 33.610948, 34.145802, 47.708505, 33.883387, 34.513264, 47.634996, 33.168309, 34.025612, 33.273662, 33.028642, 33.053482, 
33.040108, 33.976102, 33.66109, 32.741233, 32.714182, 47.714651, 33.12359, 32.797214, 47.636246, 32.827005, 32.832839, 34.271133, 46.743289, 46.743361, 32.74658, 32.802649, 32.765706, 32.767947, 33.130138, 47.70969, 46.832738, 32.761772, 32.665423, 32.665519, 32.968309, 32.968187, 33.944793, 33.751054, 46.773526, 32.842762, 33.97507, 32.856943, 47.711099, 33.483915, 43.904977, 48.255823, 47.924114, 33.042829, 43.571831, 48.281517, 33.801754, 48.449168, 43.65368, 43.601002, 48.733622, 48.170205, 36.208294, 
36.123963, 36.048895, 48.090544, 42.548095, 47.682244, 46.89269, 46.327442, 45.161703, 46.966616, 34.627475, 34.732734, 33.520484, 33.543382, 33.579088, 43.502704, 33.611403, 33.54921, 33.549256, 34.738293, 34.715772, 41.720303, 33.447393, 41.730288, 40.740924, 40.69463, 33.297153, 40.561975, 33.425407, 40.698373, 32.093354, 38.651319, 38.651454, 42.833061, 39.072998, 39.044169, 39.171535, 39.130353, 45.79519, 44.490672, 43.848753, 34.064421, 32.318087, 34.671339, 35.123114, 31.85607, 35.121511, 
35.153986, 31.77448, 39.578538, 39.578248, 38.536769, 38.535378, 39.974533, 40.612902, 40.189471, 40.534353, 40.523531, 39.886995, 39.761474, 39.593615, 39.625346, 39.716138, 40.713833, 39.780432, 39.600832, 40.473798, 39.662953, 39.937931, 39.231452, 39.741376, 39.750741, 39.764796, 39.757991, 39.697506, 39.968218, 39.637516, 41.139583, 39.623093, 38.263544, 33.423618, 34.418205, 34.237995, 34.926278, 34.167193, 46.801544, 46.8115, 29.1756, 29.480068, 46.139139, 39.78055, 26.185454, 30.273944, 35.534691, 
30.29856, 37.720124, 35.424567, 27.589342, 37.617326, 32.774799, 47.405601, 32.7808, 40.567289, 32.664535, 33.015038, 33.307725, 35.329019, 35.347889, 44.221549, 44.310206, 33.271601, 46.863967, 33.110246, 32.885397, 32.505766, 32.95728, 40.798305, 33.169972, 33.203858, 39.183597, 32.739231, 40.757395, 42.691384, 32.839182, 39.345932, 33.13999, 40.460488, 41.210213, 46.783397, 46.284188, 41.240447, 30.279873, 39.13551, 41.192301, 36.152449, 47.637149, 45.81066, 29.972643, 35.667582, 32.178638, 29.207816, 
29.676827, 35.323693, 46.965573, 38.884508, 38.884603, 32.298723, 36.530303, 48.750348, 36.8343, 37.182421, 39.056641, 39.10468, 37.833177, 35.802348, 35.802671, 37.159823, 36.343656, 44.779227, 44.155945, 39.912795, 45.390824, 44.845779, 35.95556, 41.624025, 43.591098, 41.883726, 45.484693, 44.802819, 41.447856, 45.256733, 45.256776, 44.688378, 45.630782, 44.77399, 45.279246, 45.1117, 37.30635, 37.128683, 44.983334, 45.157929, 45.015274, 36.237473, 34.532166, 44.95959, 34.12345, 42.887898, 37.405533, 
45.256403, 44.98361, 43.138356, 37.691906, 42.846604, 34.591509, 34.592709, 38.954723, 44.561084, 30.006927, 46.786867, 44.882798, 41.906636, 37.652594, 45.929037, 47.70486, 38.855583, 43.78284, 38.028813, 43.803427, 43.743117, 43.6194, 44.010662, 30.477442, 41.422138, 30.444597, 41.429724, 38.556947, 41.811404, 39.246891, 46.685329, 38.538132, 38.387985, 42.615943, 42.615866, 38.833667, 38.716476, 41.255001, 41.527295, 38.727809, 41.508487, 41.543995, 41.495445, 41.828895, 38.578433, 30.485635, 
45.941944, 45.941757, 41.586209, 32.220897, 38.621134, 32.569442, 38.599274, 30.0182, 41.446885, 41.680084, 29.921968, 29.927619, 29.869644, 38.840045, 38.841389, 35.12583, 38.507775, 43.756779, 35.100816, 42.993713, 42.992909, 39.632386, 43.203186, 36.965475, 43.053976, 40.905833, 35.594499, 43.190215, 43.190208, 42.302826, 31.659708, 42.83238, 40.443782, 37.815687, 42.235819, 33.855224, 42.296115, 41.295478, 44.373682, 38.324423, 34.249591, 36.271605, 42.005892, 30.421025, 30.351144, 42.713839, 
40.742459, 44.316819, 44.292152, 43.159802, 40.090848, 41.823047, 36.324477, 40.060027, 43.001031, 42.013139, 42.964574, 36.249117, 42.951291, 43.038068, 43.077343, 40.634606, 43.121478, 42.144028, 41.919384, 41.961258, 41.928049, 41.899203, 41.922985, 34.754297, 37.998932, 37.999015, 44.103033, 41.858794, 40.050164, 45.125575, 37.996042, 37.99577, 41.795757, 36.256727, 38.092217, 30.346842, 38.07935, 35.399847, 38.00552, 38.304815, 39.725542, 38.437094, 38.437099, 30.60495, 41.622565, 30.398401, 
30.601612, 30.605622, 41.477977, 39.306095, 35.933548, 41.723997, 33.395912, 40.376977, 34.748114, 36.090866, 40.675016, 36.264353, 36.34561, 36.061596, 36.081396, 34.737894, 35.937154, 36.356507, 36.072075, 31.382433, 35.886066, 31.75409, 39.620019, 35.931684, 41.82728, 36.148889, 37.793894, 39.643146, 32.408032, 39.847994, 39.860359, 39.958358, 42.83075, 39.962418, 40.090632, 39.951359, 39.845515, 33.92826, 38.390743, 39.355505, 30.707346, 40.138843, 38.549573, 36.360193, 41.225671, 44.803897, 
38.19683, 44.034979, 38.280937, 40.242527, 38.273876, 38.272852, 44.710449, 42.369432, 40.21691, 40.19036, 39.130537, 35.068099, 41.421018, 39.340596, 34.228042, 33.536523, 33.549872, 34.734868, 32.6216, 39.822671, 33.388601, 35.787573, 39.508162, 43.524616, 33.776852, 33.628316, 33.194535, 38.018978, 39.166798, 43.973515, 38.014663, 34.15377, 34.153719, 33.387367, 38.006364, 39.396353, 33.586929, 40.64837, 40.629647, 39.179165, 39.010249, 39.177489, 35.81514, 39.147108, 42.561183, 34.775085, 34.923344, 
37.827361, 34.210048, 33.98151, 39.655372, 39.434211, 33.988623, 33.996772, 34.937412, 33.849241, 33.849237, 38.967084, 39.894181, 42.336192, 39.729575, 39.729629, 35.895735, 39.725658, 30.516668, 34.949645, 39.731324, 40.946992, 39.805316, 34.063046, 39.804181, 39.867261, 42.332519, 33.866718, 42.329392, 41.841432, 39.976091, 36.035698, 42.251412, 41.463722, 42.260287, 39.198444, 41.596843, 41.65957, 42.36223, 40.12072, 42.358844, 42.72817, 42.070531, 42.664432, 42.560833, 42.510547, 36.429588, 
36.395556, 42.081725, 42.211698, 42.383619, 40.005218, 40.005172, 40.03561, 42.205428, 40.304982, 40.019327, 39.953037, 42.365516, 42.651088, 39.98264, 42.639404, 42.639294, 42.593228, 40.011705, 39.539384, 42.615628, 33.895088, 42.453513, 42.398239, 42.667051, 42.452174, 42.387777, 43.070374, 27.903911, 27.768974, 35.593984, 27.43948, 42.82199, 27.731055, 27.811016, 41.300443, 34.783616, 34.784373, 40.751866, 28.896381, 27.41325, 27.347844, 40.44424, 27.220404, 40.392076, 32.878943, 29.68703, 32.877553, 
27.945358, 40.062755, 36.542624, 29.12899, 34.708114, 27.892737, 39.192207, 39.306026, 26.988916, 41.162228, 33.505055, 27.474499, 41.492444, 33.500844, 39.204562, 35.967064, 28.977195, 33.083416, 41.447733, 28.960983, 40.826979, 35.072163, 40.710942, 40.710687, 41.427253, 38.429343, 40.973768, 40.973939, 26.281077, 30.145059, 41.113985, 33.493764, 28.488889, 27.971389, 28.037004, 41.2755, 41.161706, 30.343848, 40.785431, 39.333193, 30.640478, 29.961858, 35.465668, 40.915087, 41.145453, 30.086168, 
41.654229, 28.230226, 41.620102, 40.795775, 40.943341, 40.853758, 28.518727, 28.714582, 41.118182, 41.701402, 29.031659, 28.847864, 28.940993, 28.940719, 28.639131, 29.245808, 40.823306, 40.823415, 35.086903, 39.746618, 35.140472, 41.74065, 28.488375, 35.405716, 35.176072, 40.854857, 34.91824, 35.12765, 40.390401, 40.386178, 34.977895, 36.651748, 28.159952, 35.342107, 41.230087, 40.161309, 25.716534, 40.683267, 27.268895, 25.688773, 36.097596, 35.324033, 25.661849, 40.786477, 40.547111, 36.119167, 
35.872126, 40.518368, 25.762245, 40.576939, 26.691938, 40.448718, 26.266281, 33.037701, 40.649004, 36.148006, 41.117217, 40.264437, 40.144454, 40.465621, 40.829535, 40.761447, 37.260736, 41.972154, 40.28734, 37.212827, 39.616494, 40.533458, 40.294891, 40.294847, 40.43662, 41.183958, 41.182118, 40.423215, 40.311039, 41.547806, 40.159047, 36.911344, 40.287893, 36.956751, 35.2954, 40.33925, 36.972048, 40.362337, 40.463352, 37.44778, 36.676596, 38.216559, 43.092815, 37.963639, 35.928982, 35.929293, 42.956261, 
35.63248, 42.880026, 36.649736, 35.583531, 37.922364, 35.398561, 38.227186, 43.225232, 41.752692, 43.104228, 43.105142, 37.697416, 40.775295, 39.381955, 40.778283, 38.684517, 37.732945, 39.182967, 37.612322, 37.718043, 38.748933, 43.026039, 38.055553, 38.850492, 37.224834, 39.312954, 38.795764, 43.126873, 37.624443, 37.651921, 38.739246, 38.919202, 38.251312, 39.217425, 38.852228, 38.843261, 38.684074, 38.68392, 39.003879, 42.847437, 38.639419, 38.973017, 41.762693, 43.257736, 38.579727, 38.810628, 
38.810628, 42.705698, 38.679938, 37.848015, 39.235701, 39.10975, 38.708906, 38.827432, 38.741458, 38.905283, 38.886785, 38.886902, 40.064298, 38.95696, 39.208695, 38.485718, 39.165307, 41.79925, 38.847674, 38.828591, 41.20058, 38.967957, 38.881589, 41.309984, 39.176644, 38.955748, 40.269579, 38.990063, 40.82731, 41.311784, 39.226572, 39.93665, 39.28033, 35.854677, 41.104894, 39.192422, 41.007458, 39.183967, 39.821184, 36.901976, 40.342045, 40.340425, 40.340424, 39.337743, 38.942744, 40.85565, 37.080029, 
37.03191, 39.370845, 38.259367, 41.178405, 40.389114, 40.91821, 37.006128, 39.425348, 41.249454, 42.202216, 42.202284, 39.548038, 41.052028, 38.781839, 43.040958, 41.052937, 40.8186, 43.026862, 39.230018, 41.080626, 40.338044, 42.110598, 40.459692, 41.15047, 42.141876, 39.775389, 39.641832, 40.088886, 39.267314, 41.39712, 38.536825, 41.215258, 40.40232, 39.686599, 39.803543, 39.958786, 40.245795, 40.127221, 40.127104, 39.821566, 40.199025, 40.604772, 39.802165, 41.459792, 39.862327, 37.933816, 40.326998, 
40.944879, 40.670282, 40.248065, 39.658372, 38.829042, 39.99116, 39.891779, 39.948857, 40.159838, 40.063924, 42.214525, 39.711122, 40.059819, 39.941182, 40.566257, 38.58654, 40.613246, 40.071948, 40.773784, 39.850151, 39.697724, 39.828364, 39.630231, 39.486695, 40.869076, 40.853557, 40.156656, 40.255226, 42.680423, 40.681887, 40.328128, 40.328237, 41.458392, 40.295854, 40.301924, 41.008666, 39.477183, 40.417592, 40.576227, 41.005456, 40.280432, 40.564158, 40.634226, 40.88737, 40.906338, 40.90653, 
41.450409, 41.45061, 41.719464, 41.929289, 41.427127, 40.775906, 40.639054, 41.727123, 41.727359, 41.6814, 42.673603, 40.762846, 43.077947, 42.92114, 43.327681, 40.76176, 41.615257, 41.08814, 40.875526, 41.123356, 44.485078, 41.17979, 40.925437, 41.611193, 41.939775, 41.257114, 41.324743, 41.533311, 41.616442, 41.965402, 42.289718, 43.920463, 42.600545, 42.164557, 41.914456, 42.337092, 42.391346, 41.762894, 41.060174, 43.688559, 41.714799, 41.487632, 41.609633, 42.132367, 42.392664, 42.855512, 42.530239, 
42.84076, 41.777319, 43.096259, 42.353993, 43.188887, 43.194177, 42.845991, 42.996269, 41.555734, 42.008618, 41.86849, 41.493342, 41.841367, 42.653376, 42.894251, 42.896426, 42.900735, 42.061238, 42.876073, 41.930839, 42.904427, 42.403091, 42.288244, 42.400584, 41.831742, 42.421973, 42.410006, 42.123527, 43.132439, 43.945752, 43.36481, 41.579901, 43.584769, 43.584959, 43.663335, 44.657534, 44.757079, 44.924571, 43.997157, 44.59959, 44.302054, 44.386282, 47.280799, 44.509687, 44.487636)"
